{
    "questions": [
        {
            "question": "Which programming language is often used for Android app development?",
            "options": [
                "java",
                "c++",
                "python",
                "swift"
            ],
            "answer": "java"
        },
        {
            "question": "Which company developed the Java programming language?",
            "options": [
                "Microsoft",
                "Apple",
                "Sun MicroSystems",
                "IBM"
            ],
            "answer": "Sun Microsystems"
        },
        {
            "question": "What does API stands for in Software development",
            "options": [
                "Advanced Programming ",
                "Application Programming ",
                "Automated Program ",
                "All Programmming "
            ],
            "answer": "Application Programming Interface"
        },
        {
            "question": "Which data structure is typically used for implementing LIFO behavior?",
            "options": [
                "Queue",
                "Stack",
                "Heap",
                "Tree"
            ],
            "answer": "Stack"
        },
        {
            "question": "What does SQL stands for?",
            "options": [
                "Sequentional Query Language",
                "standard Query Language",
                "Structured Query Language",
                "Simple Query Language"
            ],
            "answer": "Structured Query Language"
        },
        {
            "question": "Which of the following is  computing service?",
            "options": [
                "IaaS",
                "SaaS",
                "PaaS",
                "MaaS"
            ],
            "answer": "Maas"
        },
        {
            "question": "What does HTTPS stands for?",
            "options": [
                "Hypertext Transfer protocol Secure",
                "Hypertext Transmission Protocol Service",
                "Hyperlink Transfer Protocol standard",
                "Hypertext Terminal Protocol Server"
            ],
            "answer": "Hypertext Transfer Protocol Secure"
        },
        {
            "question": "Which design pattern is used?",
            "options": [
                "Factory Pattern",
                "Singleton Pattern",
                "Observer Pattern",
                "Adapter Pattern"
            ],
            "answer": "Singleton Pattern"
        },
        {
            "question": "What is the main purpose Git?",
            "options": [
                "To track changes",
                "To manage project ",
                "To generate",
                "To automate software testing"
            ],
            "answer": "To track changes in software code over time"
        },
        {
            "question": "What does the 'extends' keyword indicate in Java?",
            "options": [
                "Inheritance",
                "Interface implementation",
                "Method overrding",
                "Method overloading"
            ],
            "answer": "Inheritance"
        }
    ]
}